bundesland;bundesland_key;beruf;beruf_key;kammer_name;kammer_website;zustaendige_stelle;zustaendige_stelle_hinweis;direct_url_good_standing;antragsverfahren;erforderliche_dokumente;kosten;bearbeitungszeit;kontakt_email;kontakt_telefon;kontakt_adresse;fuehrungszeugnis_o_erforderlich;fuehrungszeugnis_o_empfaenger;besonderheiten;quellen;daten_vollstaendig
Baden-Württemberg;BW;Arzt;arzt;Landesärztekammer Baden-Württemberg;https://www.aerztekammer-bw.de/;Landesärztekammer Baden-Württemberg;;nicht gefunden;nicht angegeben;;nicht angegeben;nicht angegeben;info@laek-bw.de;0711 - 769 89 0;Jahnstraße 40, 70597 Stuttgart;nicht angegeben;Landesärztekammer Baden-Württemberg;keine;https://www.aerztekammer-bw.de/ | https://jobs.laek-bw.de/impressum.html | https://fragdenstaat.de/behoerde/8898/landesarztekammer-baden-wurttemberg/;False
Bayern;BY;Arzt;arzt;Bayerische Landesärztekammer;https://www.blaek.de/;Regierung von Oberbayern / Regierung von Unterfranken;Die Kammer stellt nur eine Vorabbescheinigung aus. Das eigentliche Certificate wird von der Regierung ausgestellt.;https://www.regierung.oberbayern.bayern.de/aufgaben/37198/318083/leistung/leistung_53457/index.html;Der Antrag wird in zwei Schritten gestellt: Zuerst wird eine formlose Bescheinigung bei der Bayerischen Landesärztekammer per E-Mail beantragt. Diese wird dann von der Kammer direkt an die zuständige Regierung (Oberbayern oder Unterfranken) geschickt. Anschließend wird der eigentliche Antrag bei der zuständigen Regierung gestellt, wofür ein Antragsformular zur Verfügung steht.;Führungszeugnis der Belegart 'O' | Unbedenklichkeitsbescheinigung der Bayerischen Landesärztekammer;60 EUR (einsprachig deutsch) oder 80 EUR (zweisprachig deutsch und englisch);mehrere Wochen;"recht@blaek.de; info.zaaby@reg-ob.bayern.de";089 4147-0;Bayerische Landesärztekammer, Bereich Recht, Abteilung Allgemeine Rechts- und Berufsrechtsfragen, Mühlbaurstraße 16, 81677 München;Ja, ein Führungszeugnis der Belegart 'O' ist für den Antrag bei der Regierung erforderlich.;Bayerische Landesärztekammer;Die Zuständigkeit für die Ausstellung des Certificate of Good Standing liegt nicht bei der Ärztekammer selbst, sondern bei der Regierung von Oberbayern bzw. Unterfranken. Die Ärztekammer stellt lediglich eine Vorabbescheinigung aus, die direkt an die Regierung übermittelt wird.;https://www.blaek.de/arzt-und-recht/unbedenklichkeitsbescheinigung | https://www.regierung.oberbayern.bayern.de/aufgaben/37198/318083/leistung/leistung_53457/index.html;True
Berlin;BE;Arzt;arzt;Ärztekammer Berlin;https://www.aekb.de/;Landesamt für Gesundheit und Soziales (LAGeSo);Nicht die Ärztekammer, sondern das LAGeSo stellt das Certificate aus. Bescheinigung der Ärztekammer wird benötigt.;https://www.berlin.de/lageso/gesundheit/berufe-im-gesundheitswesen/informationen/artikel.218107.php;Der Antrag muss schriftlich per Post an das Landesamt für Gesundheit und Soziales (LAGeSo) gestellt werden. Ein entsprechendes Antragsformular ist auf der Webseite des LAGeSo verfügbar.;Nachweis der Tätigkeit im Land Berlin (Bescheinigung der zuständigen Berufskammer über die dort geführten Daten) | Namensänderungsurkunde (sofern zutreffend) | ggf. Promotionsurkunde | Zeugnis über die abgeschlossene Ausbildung (z.B. Zeugnis über die Ärztliche Prüfung) und Approbationsurkunde oder Urkunde über die Erlaubnis zur Führung einer Berufsbezeichnung (nur wenn die Ausbildung nicht in Berlin abgeschlossen und/oder die Approbation nicht in Berlin erhalten wurde);Die Ausstellung ist gebührenpflichtig, die genaue Höhe richtet sich nach der jeweils geltenden Fassung der Gesundheits- und Pflegewesengebührenordnung.;nicht angegeben;bqfg@lageso.berlin.de;(030) 90229-2114;Landesamt für Gesundheit und Soziales Berlin, Postfach 31 09 29, 10639 Berlin;Nein, ein Führungszeugnis wird auf der Webseite und im Antragsformular nicht explizit als erforderliches Dokument für die Ausstellung einer Unbedenklichkeitsbescheinigung genannt.;Ärztekammer Berlin;Die Unbedenklichkeitsbescheinigung (Certificate of Good Standing) wird für Ärzte in Berlin nicht von der Ärztekammer, sondern vom Landesamt für Gesundheit und Soziales (LAGeSo) ausgestellt. Für den Antrag beim LAGeSo ist eine Bescheinigung der Ärztekammer Berlin über die dort geführten Daten erforderlich.;https://www.aekb.de/ | https://www.berlin.de/lageso/gesundheit/berufe-im-gesundheitswesen/informationen/artikel.218107.php | https://www.berlin.de/lageso/_assets/gesundheit/berufe-im-gesundheitswesen/akademisch/antrag_unbedenklichkeitsbescheinigung_akademisch.pdf;True
Brandenburg;BB;Arzt;arzt;Landesärztekammer Brandenburg;https://www.laekb.de/;Landesärztekammer Brandenburg;;nicht gefunden;nicht angegeben;;nicht angegeben;nicht angegeben;meldewesen@laekb.de;0355 78010-279;Landesärztekammer Brandenburg, Geschäftsstelle Cottbus, Dreifertstraße 12, 03044 Cottbus;nicht angegeben;Landesärztekammer Brandenburg;keine;https://www.laekb.de/ | https://www.laekb.de/fileadmin/user_upload/Service_und_Kontakt/Telefonverzeichnis.pdf;False
Bremen;HB;Arzt;arzt;Ärztekammer Bremen;https://aekhb.de/;Ärztekammer Bremen;;nicht gefunden;Da keine Informationen online verfügbar sind, wird davon ausgegangen, dass der Antrag per E-Mail oder Post gestellt werden muss. Eine telefonische Anfrage bei der Mitgliederverwaltung wird empfohlen.;Antragsformular (falls vorhanden, sonst formloser Antrag) | Kopie des Personalausweises oder Reisepasses | Approbationsurkunde;nicht angegeben;nicht angegeben;info@aekhb.de;+49 421 3404 200;Ärztekammer Bremen, Schwachhauser Heerstraße 30, 28209 Bremen;nicht angegeben;Ärztekammer Bremen;Da keine Informationen auf der Website zu finden sind, ist eine direkte Kontaktaufnahme mit der Ärztekammer zur Klärung der genauen Anforderungen unerlässlich.;https://aekhb.de/ | https://aekhb.de/aerzte-aerztinnen/mitgliedschaft/;True
Hamburg;HH;Arzt;arzt;Ärztekammer Hamburg;https://www.aerztekammer-hamburg.org/;Ärztekammer Hamburg;;nicht gefunden;nicht angegeben;;20 EUR;nicht angegeben;info@aekhh.de;040 20 22 99-0;Ärztekammer Hamburg, Weidestraße 122 b, 22083 Hamburg;nicht angegeben;Ärztekammer Hamburg;keine;https://www.aerztekammer-hamburg.org/ | https://aerztekammer-hamburg.org/wp-content/uploads/2025/01/Gebuehrenordnung_10_06_2024_CD.pdf;False
Hessen;HE;Arzt;arzt;Landesärztekammer Hessen;https://www.laekh.de/;Landesärztekammer Hessen;;https://www.laekh.de/fuer-aerztinnen-und-aerzte/rund-ums-recht/certificate-of-good-standing;Eingescanntes Antragsformular per E-Mail an rechtsabteilung@laekh.de oder per Post.;Ausgefülltes Antragsformular;60 EUR;nicht angegeben;rechtsabteilung@laekh.de;+49 69 97672-113;Landesärztekammer Hessen, Rechtsabteilung, Hanauer Landstraße 152, 60314 Frankfurt;Nein, für das Zertifikat der Landesärztekammer Hessen wird kein Führungszeugnis explizit verlangt. Dies ist nur für das Zertifikat des HLfGP erforderlich.;Landesärztekammer Hessen;Es wird zwischen dem Certificate der LÄKH (berufsrechtliche Unbedenklichkeit) und dem des HLfGP (umfassender) unterschieden. Der Antragsteller muss klären, welches Zertifikat benötigt wird. Das Zertifikat ist nur 3 Monate gültig.;https://www.laekh.de/fuer-aerztinnen-und-aerzte/rund-ums-recht/certificate-of-good-standing | https://www.laekh.de/fileadmin/user_upload/Aerzte/Rund_ums_Recht/Certificate_of_Good_Standing/Antragsformular_Certificate_of_Good_Standing.pdf;True
Mecklenburg-Vorpommern;MV;Arzt;arzt;Ärztekammer Mecklenburg-Vorpommern;https://www.aek-mv.de/;Ärztekammer Mecklenburg-Vorpommern;;nicht gefunden;nicht angegeben;;60 EUR;nicht angegeben;recht@aek-mv.de;+49 381 49280-53;Ärztekammer Mecklenburg-Vorpommern, August-Bebel-Str. 9a, 18055 Rostock;nicht angegeben;Ärztekammer Mecklenburg-Vorpommern;keine;https://www.aek-mv.de/ | https://www.aek-mv.de/fileadmin/user_upload/aek-mv/aerzte/recht/Amtliche_Bekanntmachungen/7._Aenderung_Gebuehrensatzung.pdf | https://www.aek-mv.de/aerztin-arzt/recht/berufsrecht-berufsordnung.html | https://www.aek-mv.de/kammer/anfahrt.html;False
Niedersachsen;NI;Arzt;arzt;Ärztekammer Niedersachsen;https://www.aekn.de/;Niedersächsischer Zweckverband zur Approbationserteilung (NiZzA);Die Zuständigkeit liegt beim NiZzA, nicht bei der Ärztekammer.;nicht gefunden;Der Antrag muss schriftlich beim Niedersächsischen Zweckverband zur Approbationserteilung (NiZzA) gestellt werden. Das Antragsformular ist online verfügbar, muss aber ausgedruckt und unterschrieben per Post eingereicht werden.;Gültiger Personalausweis oder Reisepass | Approbationsurkunde | ggf. Promotionsurkunde | ggf. Nachweis über die Anerkennung einer Gebiets-, Schwerpunkt- oder Zusatzbezeichnung;nicht angegeben;nicht angegeben;nicht angegeben;nicht angegeben;"Niedersächsischer Zweckverband zur Approbationserteilung (NiZzA)
Postfach 38 29
30038 Hannover";nicht angegeben;Ärztekammer Niedersachsen;Die Zuständigkeit liegt nicht direkt bei der Ärztekammer, sondern beim Niedersächsischen Zweckverband zur Approbationserteilung (NiZzA).;https://www.anerkennung-in-deutschland.de/html/de/certificate-of-good-standing.php | https://www.aekn.de/;True
Nordrhein-Westfalen - Nordrhein;NW_NR;Arzt;arzt;Ärztekammer Nordrhein;https://www.aekno.de/;Bezirksregierung Düsseldorf / Köln;Die Ärztekammer stellt nur die Unbedenklichkeitsbescheinigung aus. Das Certificate of Good Standing kommt von der Bezirksregierung.;https://www.aekno.de/wissenswertes/unbedenklichkeitsbescheinigung;"Der Antrag auf eine Unbedenklichkeitsbescheinigung der Ärztekammer Nordrhein ist formlos an die Rechtsabteilung zu stellen. Das eigentliche ""Certificate of Good Standing"" wird von der zuständigen Bezirksregierung (Düsseldorf oder Köln) ausgestellt, wofür die Bescheinigung der Ärztekammer benötigt wird.";Polizeiliches Führungszeugnis der Belegart OB;Für aktuelle Kammermitglieder gebührenfrei, für ehemalige Kammermitglieder 10,00 EUR.;Die Ausstellung des polizeilichen Führungszeugnisses kann bis zu drei Wochen dauern. Für das Europäische Führungszeugnis beträgt die Dauer sechs bis acht Wochen. Eine genaue Bearbeitungszeit für die Ausstellung der Unbedenklichkeitsbescheinigung durch die Ärztekammer wird nicht genannt.;ubescheinigung@aekno.de;0211 / 4302 2351;Ärztekammer Nordrhein, Rechtsabteilung / Jessica Krüger, Tersteegenstraße 9, 40474 Düsseldorf;Ja, ein polizeiliches Führungszeugnis der Belegart OB muss direkt von der ausstellenden Behörde (Bürgerbüro/Einwohnermeldeamt) an die Rechtsabteilung der Ärztekammer Nordrhein gesendet werden.;Ärztekammer Nordrhein;"Das ""Certificate of Good Standing"" wird nicht direkt von der Ärztekammer, sondern von der zuständigen Bezirksregierung ausgestellt. Die Ärztekammer stellt lediglich eine dafür notwendige Unbedenklichkeitsbescheinigung aus.";https://www.aekno.de/wissenswertes/unbedenklichkeitsbescheinigung | https://www.aekno.de/aerzte/rheinisches-aerzteblatt/ausgabe/artikel/2021/april-2021/certificate-of-good-standing-richtig-beantragen;True
Nordrhein-Westfalen - Westfalen-Lippe;NW_WL;Arzt;arzt;Ärztekammer Westfalen-Lippe;https://www.aekwl.de/;Bezirksregierung Arnsberg / Detmold / Münster;Die Ärztekammer stellt nur eine Vorabbescheinigung aus. Das eigentliche Certificate wird von der Bezirksregierung ausgestellt.;https://www.aekwl.de/fuer-aerzte/mitgliedschaft/unbedenklichkeitsbescheinigung/;Die Unbedenklichkeitsbescheinigung (Certificate of Good Standing) wird von der zuständigen Bezirksregierung ausgestellt. Zuvor muss bei der Ärztekammer eine Bescheinigung zur Vorlage bei der Bezirksregierung beantragt werden. Dieser Antrag kann schriftlich per Post, E-Mail oder telefonisch bei der Ärztekammer gestellt werden.;Für den Antrag bei der Ärztekammer: Keine expliziten Dokumente genannt. Für den Antrag bei der Bezirksregierung: Bescheinigung der Ärztekammer (nicht älter als 1 Monat).;20 EUR für die Bescheinigung der Ärztekammer.;ca. eine Woche für die Bescheinigung der Ärztekammer.;"pritschow@aekwl.de; fazel@aekwl.de; niester@aekwl.de; rumpf@aekwl.de; anja.schroeder@aekwl.de";"0251 929-2515; 0251 929-2516; 0251 929-2503; 0251 929-2504; 0251 929-2802";Ärztekammer Westfalen-Lippe, Postfach 40 67, 48022 Münster;nicht angegeben;Ärztekammer Westfalen-Lippe;Das eigentliche 'Certificate of Good Standing' wird von der Bezirksregierung (Arnsberg, Detmold oder Münster) ausgestellt, nicht von der Ärztekammer. Die Ärztekammer stellt nur eine Vorabbescheinigung aus, die für den Antrag bei der Bezirksregierung benötigt wird.;https://www.aekwl.de/fuer-aerzte/mitgliedschaft/unbedenklichkeitsbescheinigung/;True
Rheinland-Pfalz;RP;Arzt;arzt;Landesärztekammer Rheinland-Pfalz;http://www.laek-rlp.de/;Landesamt für Soziales, Jugend und Versorgung;Die Ärztekammer stellt nur eine Bescheinigung aus, dass keine berufsrechtlichen Bedenken bestehen. Das eigentliche Certificate kommt vom Landesamt.;https://www.aerztekammer-mainz.de/aerzte/meldewesen/unbedenklichkeitsbescheinigung;Ein formloser Antrag per E-Mail an die Bezirksärztekammer Rheinhessen (meldewesen@aerztekammer-mainz.de) ist erforderlich, um eine Bescheinigung zur Vorlage beim Landesamt für Soziales, Jugend und Versorgung zu erhalten. Dieses stellt das eigentliche Certificate of Good Standing aus.;;nicht angegeben;ca. 5 bis 10 Tage für die Bescheinigung der Bezirksärztekammer;meldewesen@aerztekammer-mainz.de;06131 - 38 69 - 41;Bezirksärztekammer Rheinhessen, Eltzer Hof, 1. Obergeschoss, Mittlere Bleiche 40, 55116 Mainz;nicht angegeben;Landesärztekammer Rheinland-Pfalz;Das eigentliche 'Certificate of Good Standing' wird vom Landesamt für Soziales, Jugend und Versorgung ausgestellt. Die Ärztekammer stellt lediglich eine Bescheinigung aus, dass keine berufsrechtlichen Bedenken bestehen. Bei Anmeldung in Rheinland-Pfalz wird man automatisch Mitglied in der Landesärztekammer und der zuständigen Bezirksärztekammer.;http://www.laek-rlp.de/ | https://www.aerztekammer-mainz.de/aerzte/meldewesen/unbedenklichkeitsbescheinigung | https://www.aerztekammer-mainz.de/aerzte/meldewesen/allgemein | http://www.laek-rlp.de/ueberuns/bezirksaerztekammern/index.html;True
Saarland;SL;Arzt;arzt;Ärztekammer des Saarlandes;https://www.aerztekammer-saarland.de/;Ärztekammer des Saarlandes;;nicht gefunden;nicht angegeben;;nicht angegeben;nicht angegeben;info-aeks@aeksaar.de;+49 681 4003-0;Ärztekammer des Saarlandes, Faktoreistraße 4, 66111 Saarbrücken;nicht angegeben;Ärztekammer des Saarlandes;keine;https://www.aerztekammer-saarland.de/ | https://www.aerztekammer-saarland.de/files/194F563739D/250210%20VerwGebO%20konsolidiert.pdf;False
Sachsen;SN;Arzt;arzt;Sächsische Landesärztekammer;https://www.slaek.de/;Sächsische Landesärztekammer;;https://www.slaek.de/de/arzt/arzt-und-recht/07-berufsrecht/unbedenklichkeitsbescheinigung.php;Der Antrag kann per Post, per Fax oder per E-Mail (eingescannt) gestellt werden. Ein Antragsformular steht zum Download bereit.;Antragsformular;30 EUR;nicht angegeben;ra@slaek.de;0351 8267-427;Sächsische Landesärztekammer, Schützenhöhe 16, 01099 Dresden;nicht angegeben;Sächsische Landesärztekammer;Die Bescheinigung darf bei Vorlage nicht älter als drei Monate sein. Für die Ausstellung ist eine ordnungsgemäße Meldung bei der Kammer Voraussetzung.;https://www.slaek.de/de/arzt/arzt-und-recht/07-berufsrecht/unbedenklichkeitsbescheinigung.php | https://www.slaek.de/media/dokumente/arzt/arztundrecht/Infoblatt_good-standing.pdf | https://www.slaek.de/media/dokumente/arzt/arztundrecht/Antragsformular.pdf;True
Sachsen-Anhalt;ST;Arzt;arzt;Ärztekammer Sachsen-Anhalt;https://www.aeksa.de/;Landesverwaltungsamt, Landesprüfungsamt für Gesundheitsberufe;Die Zuständigkeit liegt beim Landesverwaltungsamt, nicht bei der Ärztekammer.;https://lvwa.sachsen-anhalt.de/das-lvwa/landespruefungsamt-fuer-gesundheitsberufe/certificate-of-good-standing;formloser Antrag per Post;formloser Antrag | Führungszeugnis Belegart „O“ | tabellarischer Lebenslauf mit Datum und Unterschrift | Approbationsurkunde | ggf. Promotionsurkunde | ggf. Heiratsurkunde | eigene schriftliche Erklärung;50 EUR;nicht angegeben;nicht angegeben;nicht angegeben;Landesverwaltungsamt, Landesprüfungsamt für Gesundheitsberufe, Referat 507, Ernst-Kamieth-Str. 2, 06112 Halle (Saale);Ja, zur Vorlage bei einer Behörde (nicht älter als drei Monate);Ärztekammer Sachsen-Anhalt;Die Zuständigkeit für die Ausstellung des Certificate of Good Standing liegt nicht bei der Ärztekammer, sondern beim Landesverwaltungsamt Sachsen-Anhalt, Landesprüfungsamt für Gesundheitsberufe.;https://www.aeksa.de/ | https://lvwa.sachsen-anhalt.de/das-lvwa/landespruefungsamt-fuer-gesundheitsberufe/certificate-of-good-standing | https://lvwa.sachsen-anhalt.de/fileadmin/Bibliothek/Politik_und_Verwaltung/LVWA/LVwA/Bilder/Fam_Ges_Jug_Vers/507/Merkblatt_ueber_die_Beantragung_eines_-Certificate_of_good_standing_01.pdf;True
Schleswig-Holstein;SH;Arzt;arzt;Ärztekammer Schleswig-Holstein;https://www.aeksh.de/;Ärztekammer Schleswig-Holstein;;nicht gefunden;nicht angegeben;;nicht angegeben;nicht angegeben;info@aeksh.de;04551 803 0;Ärztekammer Schleswig-Holstein, Bismarckallee 8–12, 23795 Bad Segeberg;nicht angegeben;Ärztekammer Schleswig-Holstein;"Informationen zum ""Certificate of Good Standing"" bzw. zur ""Unbedenklichkeitsbescheinigung"" waren auf der Website der Ärztekammer Schleswig-Holstein nicht direkt auffindbar. Die verwandte ""EU-Konformitätsbescheinigung"" wird von der Ärztekammer ausgestellt, ist kostenlos und hat eine Bearbeitungszeit von 2-3 Wochen. Es ist möglich, dass für das Certificate of Good Standing ähnliche Bedingungen gelten.";https://www.aeksh.de/ | https://zufish.schleswig-holstein.de/detail?areaId=&pstGroupId=&pstCatId=270357711&pstId=315863832&infotype=0 | https://www.aeksh.de/kontakt;False
Baden-Württemberg;BW;Zahnarzt;zahnarzt;Regierungspräsidium Stuttgart;https://rps.baden-wuerttemberg.de/;Regierungspräsidium Stuttgart;Zuständig ist das Regierungspräsidium Stuttgart, nicht die Landeszahnärztekammer.;https://rps.baden-wuerttemberg.de/fileadmin/RP-Internet/Stuttgart/Abteilung_9/Referat_95/_DocumentLibraries/Documents/LPA_Arzt_Apo_Zahn_Certificate.pdf;Der Antrag wird per E-Mail als PDF an landespruefungsamt@rps.bwl.de gesendet. Das Formular muss ausgefüllt und unterschrieben sein.;Amtlich beglaubigte Kopie der Approbationsurkunde (nicht älter als einen Monat) | bei Namensänderung eine beglaubigte Kopie der Urkunde über die Namensänderung.;nicht angegeben;2-3 Wochen;landespruefungsamt@rps.bwl.de;nicht angegeben;Regierungspräsidium Stuttgart, Referat 95 – Sachgebiet 1, Ruppmannstr. 21, 70565 Stuttgart;Die Anforderung eines Führungszeugnisses wird ausdrücklich vorbehalten, ist aber nicht initial erforderlich.;Regierungspräsidium Stuttgart;Zuständig ist das Regierungspräsidium Stuttgart, nicht die Landeszahnärztekammer. Das Zertifikat wird erst ausgestellt, wenn alle Unterlagen vollständig vorliegen. Eingangsbestätigungen werden nicht versandt.;https://rps.baden-wuerttemberg.de/fileadmin/RP-Internet/Stuttgart/Abteilung_9/Referat_95/_DocumentLibraries/Documents/LPA_Arzt_Apo_Zahn_Certificate.pdf | https://www.lzk-bw.de/;True
Bayern;BY;Zahnarzt;zahnarzt;Bayerische Landeszahnärztekammer;https://www.blzk.de/;Bayerische Landeszahnärztekammer;;nicht gefunden;nicht angegeben;;nicht angegeben;nicht angegeben;blzk@blzk.de;089 230211-0;Flößergasse 1, 81369 München;nicht angegeben;Bayerische Landeszahnärztekammer;keine;https://www.blzk.de/ | https://qm.blzk.de/blzk/public.nsf/id/pa_onlinehilfe.html?Open#kontakt;False
Berlin;BE;Zahnarzt;zahnarzt;Zahnärztekammer Berlin;https://www.zaek-berlin.de/;Landesamt für Gesundheit und Soziales (LAGeSo);Die Zuständigkeit scheint beim LAGeSo zu liegen, nicht bei der Zahnärztekammer.;nicht gefunden;Für die Erteilung einer Approbation für ausländische Zahnärzte ist ein Antrag beim Landesamt für Gesundheit und Soziales zu stellen. Ein spezifisches Antragsverfahren für ein Certificate of Good Standing von der Zahnärztekammer Berlin für im Ausland tätige Zahnärzte konnte nicht ermittelt werden.;Für die Approbation wird ein 'Leumundszeugnis/Unbedenklichkeitsbescheinigung (Certificate of good standing)' des Herkunftslandes verlangt. Welche Dokumente für die Ausstellung eines solchen Zertifikats durch die Zahnärztekammer Berlin erforderlich sind, ist nicht angegeben.;nicht angegeben;nicht angegeben;info@zaek-berlin.de;(030) 34 808 0;Stallstraße 1, 10585 Berlin;Für die Approbation ist ein Führungszeugnis der Belegart O erforderlich. Ob dies auch für die Ausstellung eines Certificate of Good Standing gilt, ist nicht angegeben.;Zahnärztekammer Berlin;Die Recherche ergab Informationen zur Beantragung der Approbation für ausländische Zahnärzte, bei der ein Certificate of Good Standing vom Herkunftsland vorgelegt werden muss. Es konnten keine Informationen darüber gefunden werden, wie ein Zahnarzt, der in Berlin gemeldet ist, ein Certificate of Good Standing für eine Tätigkeit im Ausland beantragen kann. Die Zuständigkeit scheint beim Landesamt für Gesundheit und Soziales zu liegen.;https://www.zaek-berlin.de/dateien/Content/Dokumente/Presse/Download-Texte/Newsletter/111_ds_akad_checkliste_approbation_be_03_2020_1_.pdf | https://www.zaek-berlin.de/kontakt-geschaeftszeiten.html;True
Brandenburg;BB;Zahnarzt;zahnarzt;Landeszahnärztekammer Brandenburg;https://www.die-brandenburger-zahnaerzte.de/;Landesamt für Arbeitsschutz, Verbraucherschutz und Gesundheit (LAVG);Die Zuständigkeit liegt beim LAVG, nicht bei der Landeszahnärztekammer.;https://lavg.brandenburg.de/lavg/de/gesundheit/akademische-heilberufe/unbedenklichkeitsbescheinigung-ausland/;Der Antrag wird schriftlich per Post an das Landesamt für Arbeitsschutz, Verbraucherschutz und Gesundheit (LAVG) gestellt. Das Antragsformular ist online verfügbar.;"Antragsformular | Personalausweis oder Reisepass (in beglaubigter Kopie) | Approbationsurkunde (in beglaubigter Kopie) | Ärztliche Bescheinigung über die gesundheitliche Eignung zur Ausübung des Berufs (nicht älter als drei Monate) | Erklärung darüber, ob ein gerichtliches Strafverfahren oder ein staatsanwaltschaftliches Ermittlungsverfahren anhängig ist | Führungszeugnis der Belegart ""O"" (nicht älter als drei Monate) | Bescheinigung der zuständigen Zahnärztekammer über die Mitgliedschaft.";95 EUR;nicht angegeben;G1-Berufsrecht@lavg.brandenburg.de;+49 331 8683-786;Landesamt für Arbeitsschutz, Verbraucherschutz und Gesundheit (LAVG), Abteilung Gesundheit, Postfach 60 11 62, 14411 Potsdam;Ja, muss direkt an das LAVG gesendet werden.;Landeszahnärztekammer Brandenburg;Die Zuständigkeit liegt nicht direkt bei der Landeszahnärztekammer, sondern beim Landesamt für Arbeitsschutz, Verbraucherschutz und Gesundheit (LAVG).;https://www.die-brandenburger-zahnaerzte.de/ | https://service.lzkb.de/ | https://lavg.brandenburg.de/lavg/de/gesundheit/akademische-heilberufe/unbedenklichkeitsbescheinigung-ausland/;True
Bremen;HB;Zahnarzt;zahnarzt;Zahnärztekammer Bremen;https://zaek-hb.de/;Senatorin für Gesundheit, Frauen und Verbraucherschutz;Zuständig ist die Senatorin für Gesundheit, nicht die Zahnärztekammer.;https://zaek-hb.de/certificate-of-good-standing;Der Antrag wird bei der Senatorin für Wissenschaft, Gesundheit und Verbraucherschutz gestellt.;;nicht angegeben;nicht angegeben;"heike.ver@gesundheit.bremen.de; bettina.arena@gesundheit.bremen.de";"0421 361-9554; 0421 361-54016";Freie Hansestadt Bremen, Die Senatorin für Gesundheit, Frauen und Verbraucherschutz, Referat 20 - Beruferecht, Faulenstraße 9/15, 28195 Bremen;nicht angegeben;Zahnärztekammer Bremen;Zuständig ist die Senatorin für Wissenschaft, Gesundheit und Verbraucherschutz, nicht die Zahnärztekammer direkt.;https://zaek-hb.de/certificate-of-good-standing;True
Hamburg;HH;Zahnarzt;zahnarzt;Zahnärztekammer Hamburg;https://www.zahnaerzte-hh.de/;Zahnärztekammer Hamburg;;nicht gefunden;nicht angegeben;;15,00 €;nicht angegeben;info@zaek-hh.de;(040) 73 34 05-0;Weidestraße 122 b, 22083 Hamburg;nicht angegeben;Zahnärztekammer Hamburg;keine;https://www.zahnaerzte-hh.de/ | https://www.zahnaerzte-hh.de/fileadmin/___AMTLICHE_bEKANNTMACHUNGEN/Gebuehrenverzeichnis_zur_Gebuehrenordnung_der_Zahnaerztekammer_Hamburg_-_06.05.2025.pdf;False
Hessen;HE;Zahnarzt;zahnarzt;Landeszahnärztekammer Hessen;https://www.lzkh.de/;Landeszahnärztekammer Hessen;;nicht gefunden;nicht angegeben;;nicht angegeben;nicht angegeben;box@lzkh.de;069 427275-0;Rhonestraße 4, 60528 Frankfurt am Main;nicht angegeben;Landeszahnärztekammer Hessen;"Auf der Website der Landeszahnärztekammer Hessen konnten keine Informationen zum ""Certificate of Good Standing"" oder zur ""Unbedenklichkeitsbescheinigung"" gefunden werden. Es wird empfohlen, die Kammer direkt zu kontaktieren.";https://www.lzkh.de/ | https://www.lzkh.de/service/kontakt;False
Mecklenburg-Vorpommern;MV;Zahnarzt;zahnarzt;Zahnärztekammer Mecklenburg-Vorpommern;https://zaekmv.de/;Zahnärztekammer Mecklenburg-Vorpommern;;nicht gefunden;nicht angegeben;;nicht angegeben;nicht angegeben;info@zaekmv.de;0385 489306-80;Wismarsche Str. 304, 19055 Schwerin;nicht angegeben;Zahnärztekammer Mecklenburg-Vorpommern;keine;https://zaekmv.de/ | https://zaekmv.de/kontakt;False
Niedersachsen;NI;Zahnarzt;zahnarzt;Zahnärztekammer Niedersachsen;https://zkn.de/;Zahnärztekammer Niedersachsen;;nicht gefunden;Informationen zum Antragsverfahren sind auf der Website nicht verfügbar. Es wird empfohlen, die Mitgliederverwaltung direkt zu kontaktieren.;;nicht angegeben;nicht angegeben;sneumann@zkn.de;0511 83391-143;"Zahnärztekammer Niedersachsen
Zeißstraße 11a
30519 Hannover";nicht angegeben;Zahnärztekammer Niedersachsen;keine;https://zkn.de/ | https://zkn.de/die-zkn/ansprechpartner/;True
Nordrhein-Westfalen - Nordrhein;NW_NR;Zahnarzt;zahnarzt;Zahnärztekammer Nordrhein;https://www.zahnaerztekammernordrhein.de/;Bezirksregierung Düsseldorf / Köln;Die Zahnärztekammer stellt nur die Unbedenklichkeitsbescheinigung aus. Das Certificate kommt von der Bezirksregierung.;nicht gefunden;"Ein formloser Antrag auf Ausstellung einer Unbedenklichkeitsbescheinigung muss bei der Zahnärztekammer Nordrhein gestellt werden. Das eigentliche ""Certificate of Good Standing"" wird von der zuständigen Bezirksregierung (Düsseldorf oder Köln) ausgestellt, wofür die Bescheinigung der Kammer benötigt wird.";Polizeiliches Führungszeugnis der Belegart OB (direkt an die Kammer zu senden);Für aktuelle Kammermitglieder gebührenfrei, für ehemalige Mitglieder 10,00 EUR (Angabe von der Ärztekammer Nordrhein, für Zahnärzte nicht explizit bestätigt).;nicht angegeben;info@zaek-nr.de;02131 / 53119-0;Zahnärztekammer Nordrhein, Hammfelddamm 11, 41460 Neuss;Ja, ein polizeiliches Führungszeugnis der Belegart OB muss direkt an die Kammer gesendet werden (Angabe von der Ärztekammer Nordrhein, für Zahnärzte nicht explizit bestätigt).;Zahnärztekammer Nordrhein;Die Zahnärztekammer stellt nur eine Unbedenklichkeitsbescheinigung aus. Das offizielle 'Certificate of Good Standing' für die Verwendung im Ausland wird von der zuständigen Bezirksregierung (Düsseldorf oder Köln) ausgestellt.;https://www.zahnaerztekammernordrhein.de/ | https://www.aekno.de/wissenswertes/unbedenklichkeitsbescheinigung;True
Nordrhein-Westfalen - Westfalen-Lippe;NW_WL;Zahnarzt;zahnarzt;Zahnärztekammer Westfalen-Lippe;https://www.zahnaerzte-wl.de/;Bezirksregierung Arnsberg / Detmold / Münster;Das Certificate wird von der Bezirksregierung ausgestellt.;nicht gefunden;nicht angegeben;;nicht angegeben;nicht angegeben;zaekwl@zahnaerzte-wl.de;0251 - 507 0;Auf der Horst 29, 48147 Münster;nicht angegeben;Zahnärztekammer Westfalen-Lippe;Für die Anerkennung ausländischer Abschlüsse ist die Bezirksregierung Münster zuständig.;https://www.zahnaerzte-wl.de/ | https://www.zahnaerzte-wl.de/pages/anerkennung-auslaendischer-abschluesse | https://www.zahnaerzte-wl.de/pages/kontakt;False
Rheinland-Pfalz;RP;Zahnarzt;zahnarzt;Landeszahnärztekammer Rheinland-Pfalz;https://lzk.de/;Landeszahnärztekammer Rheinland-Pfalz;;nicht gefunden;Die Website enthält keine expliziten Informationen zum Antragsverfahren. Es wird empfohlen, die zuständige Ansprechpartnerin per E-Mail oder Telefon zu kontaktieren.;;nicht angegeben;nicht angegeben;matschek@lzk.de;06131 96136-85;nicht angegeben;nicht angegeben;Landeszahnärztekammer Rheinland-Pfalz;Die Unbedenklichkeitsbescheinigung wird im Kontext der Anerkennung ausländischer Fachzahnarzttitel erwähnt. Es gibt keine separate Seite oder einen expliziten Prozess für die Beantragung eines Certificate of Good Standing für bereits in Rheinland-Pfalz tätige Zahnärzte.;https://lzk.de/ | https://lzk.de/zahnaerzte/weiterbildung;True
Saarland;SL;Zahnarzt;zahnarzt;Ärztekammer des Saarlandes, Abteilung Zahnärzte;https://zaek-saar.de/;Ärztekammer des Saarlandes, Abteilung Zahnärzte;;nicht gefunden;nicht angegeben;;nicht angegeben;nicht angegeben;mail@zaek-saar.de;0681 586080;Puccinistraße 2, 66119 Saarbrücken;nicht angegeben;Ärztekammer des Saarlandes, Abteilung Zahnärzte;keine;https://zaek-saar.de/ | https://zaek-saar.de/kontakt;False
Sachsen;SN;Zahnarzt;zahnarzt;Landeszahnärztekammer Sachsen;https://www.zahnaerzte-in-sachsen.de/;Landeszahnärztekammer Sachsen;;nicht gefunden;Da online keine Informationen zum Antragsverfahren verfügbar sind, wird eine direkte Kontaktaufnahme mit der Landeszahnärztekammer Sachsen per E-Mail oder Telefon empfohlen, um das genaue Verfahren zu erfragen.;;nicht angegeben;nicht angegeben;info@lzk-sachsen.de;0351 8066-0;Schützenhöhe 11, 01099 Dresden;nicht angegeben;Landeszahnärztekammer Sachsen;keine;https://www.zahnaerzte-in-sachsen.de/ | https://www.zahnaerzte-in-sachsen.de/kontakte/;True
Sachsen-Anhalt;ST;Zahnarzt;zahnarzt;Zahnärztekammer Sachsen-Anhalt;https://www.zaek-sa.de/;Zahnärztekammer Sachsen-Anhalt;;nicht gefunden;nicht angegeben;;nicht angegeben;nicht angegeben;info@zahnaerztekammer-sah.de;0391 73939 0;Große Diesdorfer Straße 162, 39110 Magdeburg;nicht angegeben;Zahnärztekammer Sachsen-Anhalt;keine;https://www.zaek-sa.de/ | https://www.zaek-sa.de/zahnaerzte/auslaendische-zahnaerzte/ | https://www.zaek-sa.de/die-zaek/kontakt-anfahrt/;False
Schleswig-Holstein;SH;Zahnarzt;zahnarzt;Zahnärztekammer Schleswig-Holstein;https://www.zahnaerzte-sh.de/;Zahnärztekammer Schleswig-Holstein;;nicht gefunden;nicht angegeben;;nicht angegeben;nicht angegeben;central@zaek-sh.de;0431 260926-0;Westring 496, 24106 Kiel;nicht angegeben;Zahnärztekammer Schleswig-Holstein;keine;https://www.zahnaerzte-sh.de/;False
Thüringen;TH;Zahnarzt;zahnarzt;Landeszahnärztekammer Thüringen;https://www.lzkth.de;Landeszahnärztekammer Thüringen;;nicht gefunden;nicht angegeben;;16,00 €;nicht angegeben;michael.westphal@lzkth.de;0361 7432-112;"Landeszahnärztekammer Thüringen
Körperschaft des öffentlichen Rechts
Barbarossahof 16
99092 Erfurt";nicht angegeben;Landeszahnärztekammer Thüringen;keine;https://www.lzkth.de/ | https://www.lzkth.de/fileadmin/user_upload/4_Dokumente/Satzungen_und_Ordnungen/lzkth_kostensatzung_alt_2024-03-01_aenderungssatzung_2025-12-01.pdf;False
